<?xml version="1.0" encoding="UTF-8"?>
<GenRun Id="synth_1" LaunchPart="xc7a35tcpg236-1" LaunchTime="1554956027">
  <File Type="PA-TCL" Name="UART_Driver.tcl"/>
  <File Type="RDS-PROPCONSTRS" Name="UART_Driver_drc_synth.rpt"/>
  <File Type="REPORTS-TCL" Name="UART_Driver_reports.tcl"/>
  <File Type="RDS-RDS" Name="UART_Driver.vds"/>
  <File Type="RDS-UTIL" Name="UART_Driver_utilization_synth.rpt"/>
  <File Type="RDS-UTIL-PB" Name="UART_Driver_utilization_synth.pb"/>
  <File Type="RDS-DCP" Name="UART_Driver.dcp"/>
  <File Type="VDS-TIMINGSUMMARY" Name="UART_Driver_timing_summary_synth.rpt"/>
  <File Type="VDS-TIMING-PB" Name="UART_Driver_timing_summary_synth.pb"/>
  <FileSet Name="sources" Type="DesignSrcs" RelSrcDir="$PSRCDIR/sources_1">
    <Filter Type="Srcs"/>
    <File Path="$PSRCDIR/sources_1/bd/XADC/XADC.bd">
      <FileInfo>
        <Attr Name="ImportPath" Val="$PPRDIR/../UART_Driver/UART_Driver.srcs/sources_1/bd/XADC/XADC.bd"/>
        <Attr Name="ImportTime" Val="1545790860"/>
        <Attr Name="UsedIn" Val="synthesis"/>
        <Attr Name="UsedIn" Val="implementation"/>
        <Attr Name="UsedIn" Val="simulation"/>
      </FileInfo>
    </File>
    <File Path="$PSRCDIR/sources_1/bd/Fifo_1/Fifo_1.bd">
      <FileInfo>
        <Attr Name="ImportPath" Val="$PPRDIR/../UART_Driver/UART_Driver.srcs/sources_1/bd/Fifo_1/Fifo_1.bd"/>
        <Attr Name="ImportTime" Val="1544650306"/>
        <Attr Name="UsedIn" Val="synthesis"/>
        <Attr Name="UsedIn" Val="implementation"/>
        <Attr Name="UsedIn" Val="simulation"/>
      </FileInfo>
    </File>
    <File Path="$PSRCDIR/sources_1/new/CLK_Devider.vhd">
      <FileInfo>
        <Attr Name="ImportPath" Val="$PPRDIR/../UART_Driver/UART_Driver.srcs/sources_1/new/CLK_Devider.vhd"/>
        <Attr Name="ImportTime" Val="1544541193"/>
        <Attr Name="UsedIn" Val="synthesis"/>
        <Attr Name="UsedIn" Val="simulation"/>
      </FileInfo>
    </File>
    <File Path="$PSRCDIR/sources_1/new/Compare.vhd">
      <FileInfo>
        <Attr Name="ImportPath" Val="$PPRDIR/../UART_Driver/UART_Driver.srcs/sources_1/new/Compare.vhd"/>
        <Attr Name="ImportTime" Val="1547314766"/>
        <Attr Name="UsedIn" Val="synthesis"/>
        <Attr Name="UsedIn" Val="simulation"/>
      </FileInfo>
    </File>
    <File Path="$PSRCDIR/sources_1/new/PWM.vhd">
      <FileInfo>
        <Attr Name="ImportPath" Val="$PPRDIR/../UART_Driver/UART_Driver.srcs/sources_1/new/PWM.vhd"/>
        <Attr Name="ImportTime" Val="1545267528"/>
        <Attr Name="UsedIn" Val="synthesis"/>
        <Attr Name="UsedIn" Val="simulation"/>
      </FileInfo>
    </File>
    <File Path="$PSRCDIR/sources_1/new/READING.vhd">
      <FileInfo>
        <Attr Name="ImportPath" Val="$PPRDIR/../UART_Driver/UART_Driver.srcs/sources_1/new/READING.vhd"/>
        <Attr Name="ImportTime" Val="1546878955"/>
        <Attr Name="UsedIn" Val="synthesis"/>
        <Attr Name="UsedIn" Val="simulation"/>
      </FileInfo>
    </File>
    <File Path="$PSRCDIR/sources_1/new/READY.vhd">
      <FileInfo>
        <Attr Name="ImportPath" Val="$PPRDIR/../UART_Driver/UART_Driver.srcs/sources_1/new/READY.vhd"/>
        <Attr Name="ImportTime" Val="1545245883"/>
        <Attr Name="UsedIn" Val="synthesis"/>
        <Attr Name="UsedIn" Val="simulation"/>
      </FileInfo>
    </File>
    <File Path="$PSRCDIR/sources_1/new/UART_Controller.vhd">
      <FileInfo>
        <Attr Name="ImportPath" Val="$PPRDIR/../UART_Driver/UART_Driver.srcs/sources_1/new/UART_Controller.vhd"/>
        <Attr Name="ImportTime" Val="1546018248"/>
        <Attr Name="UsedIn" Val="synthesis"/>
        <Attr Name="UsedIn" Val="simulation"/>
      </FileInfo>
    </File>
    <File Path="$PSRCDIR/sources_1/imports/new/UART_RX.vhd">
      <FileInfo>
        <Attr Name="ImportPath" Val="$PPRDIR/../project_2.srcs/sources_1/new/UART_RX.vhd"/>
        <Attr Name="ImportTime" Val="1541969449"/>
        <Attr Name="UsedIn" Val="synthesis"/>
        <Attr Name="UsedIn" Val="simulation"/>
      </FileInfo>
    </File>
    <File Path="$PSRCDIR/sources_1/imports/hdl/UART_TX_CTRL.vhd">
      <FileInfo>
        <Attr Name="ImportPath" Val="$PPRDIR/../project_2.srcs/sources_1/imports/hdl/UART_TX_CTRL.vhd"/>
        <Attr Name="ImportTime" Val="1541281579"/>
        <Attr Name="UsedIn" Val="synthesis"/>
        <Attr Name="UsedIn" Val="simulation"/>
      </FileInfo>
    </File>
    <File Path="$PSRCDIR/sources_1/new/UART_Driver.vhd">
      <FileInfo>
        <Attr Name="ImportPath" Val="$PPRDIR/../UART_Driver/UART_Driver.srcs/sources_1/new/UART_Driver.vhd"/>
        <Attr Name="ImportTime" Val="1547052188"/>
        <Attr Name="UsedIn" Val="synthesis"/>
        <Attr Name="UsedIn" Val="simulation"/>
      </FileInfo>
    </File>
    <Config>
      <Option Name="DesignMode" Val="RTL"/>
      <Option Name="TopModule" Val="UART_Driver"/>
      <Option Name="TopAutoSet" Val="TRUE"/>
    </Config>
  </FileSet>
  <FileSet Name="constrs_in" Type="Constrs" RelSrcDir="$PSRCDIR/constrs_1">
    <Filter Type="Constrs"/>
    <File Path="$PSRCDIR/constrs_1/imports/new/Constrants.xdc">
      <FileInfo>
        <Attr Name="ImportPath" Val="$PPRDIR/../project_2.srcs/constrs_1/imports/new/Constrants.xdc"/>
        <Attr Name="ImportTime" Val="1542304272"/>
        <Attr Name="UsedIn" Val="synthesis"/>
        <Attr Name="UsedIn" Val="implementation"/>
      </FileInfo>
    </File>
    <Config>
      <Option Name="TargetConstrsFile" Val="$PSRCDIR/constrs_1/imports/new/Constrants.xdc"/>
      <Option Name="ConstrsType" Val="XDC"/>
    </Config>
  </FileSet>
  <Strategy Version="1" Minor="2">
    <StratHandle Name="Vivado Synthesis Defaults" Flow="Vivado Synthesis 2018"/>
    <Step Id="synth_design"/>
  </Strategy>
  <BlockFileSet Type="BlockSrcs" Name="Fifo_1_fifo_generator_0_0"/>
  <BlockFileSet Type="BlockSrcs" Name="XADC_xadc_wiz_0_0"/>
</GenRun>
