<?xml version="1.0" encoding="UTF-8"?>
<GenRun Id="XADC_xadc_wiz_0_0_synth_1" LaunchPart="xc7a35tcpg236-1" LaunchTime="1545760582">
  <File Type="PA-TCL" Name="XADC_xadc_wiz_0_0.tcl"/>
  <File Type="REPORTS-TCL" Name="XADC_xadc_wiz_0_0_reports.tcl"/>
  <File Type="RDS-RDS" Name="XADC_xadc_wiz_0_0.vds"/>
  <File Type="RDS-UTIL" Name="XADC_xadc_wiz_0_0_utilization_synth.rpt"/>
  <File Type="RDS-UTIL-PB" Name="XADC_xadc_wiz_0_0_utilization_synth.pb"/>
  <File Type="RDS-DCP" Name="XADC_xadc_wiz_0_0.dcp"/>
  <FileSet Name="sources" Type="BlockSrcs" RelSrcDir="$PSRCDIR/XADC_xadc_wiz_0_0">
    <File Path="$PSRCDIR/sources_1/bd/XADC/ip/XADC_xadc_wiz_0_0/XADC_xadc_wiz_0_0.xci">
      <FileInfo>
        <Attr Name="ImportPath" Val="$PPRDIR/../UART_Driver/UART_Driver.srcs/sources_1/bd/XADC/ip/XADC_xadc_wiz_0_0/XADC_xadc_wiz_0_0.xci"/>
        <Attr Name="ImportTime" Val="1545790860"/>
        <Attr Name="UsedIn" Val="synthesis"/>
        <Attr Name="UsedIn" Val="implementation"/>
        <Attr Name="UsedIn" Val="simulation"/>
      </FileInfo>
    </File>
    <Config>
      <Option Name="TopModule" Val="XADC_xadc_wiz_0_0"/>
      <Option Name="UseBlackboxStub" Val="1"/>
    </Config>
  </FileSet>
  <FileSet Name="constrs_in" Type="BlockSrcs" RelSrcDir="$PSRCDIR/XADC_xadc_wiz_0_0">
    <File Path="$PSRCDIR/sources_1/bd/XADC/ip/XADC_xadc_wiz_0_0/XADC_xadc_wiz_0_0.xci">
      <FileInfo>
        <Attr Name="ImportPath" Val="$PPRDIR/../UART_Driver/UART_Driver.srcs/sources_1/bd/XADC/ip/XADC_xadc_wiz_0_0/XADC_xadc_wiz_0_0.xci"/>
        <Attr Name="ImportTime" Val="1545790860"/>
        <Attr Name="UsedIn" Val="synthesis"/>
        <Attr Name="UsedIn" Val="implementation"/>
        <Attr Name="UsedIn" Val="simulation"/>
      </FileInfo>
    </File>
    <Config>
      <Option Name="TopModule" Val="XADC_xadc_wiz_0_0"/>
      <Option Name="UseBlackboxStub" Val="1"/>
    </Config>
  </FileSet>
  <Strategy Version="1" Minor="2">
    <StratHandle Name="Vivado Synthesis Defaults" Flow="Vivado Synthesis 2018"/>
    <Step Id="synth_design"/>
  </Strategy>
</GenRun>
