<?xml version="1.0" encoding="UTF-8"?>
<GenRun Id="impl_2" LaunchPart="xc7a35tcpg236-1" LaunchTime="1554956100">
  <File Type="ROUTE-PWR" Name="UART_Driver_power_routed.rpt"/>
  <File Type="PA-TCL" Name="UART_Driver.tcl"/>
  <File Type="BITSTR-BMM" Name="UART_Driver_bd.bmm"/>
  <File Type="ROUTE-PWR-SUM" Name="UART_Driver_power_summary_routed.pb"/>
  <File Type="REPORTS-TCL" Name="UART_Driver_reports.tcl"/>
  <File Type="OPT-DCP" Name="UART_Driver_opt.dcp"/>
  <File Type="OPT-DRC" Name="UART_Driver_drc_opted.rpt"/>
  <File Type="OPT-HWDEF" Name="UART_Driver.hwdef"/>
  <File Type="PWROPT-DCP" Name="UART_Driver_pwropt.dcp"/>
  <File Type="PLACE-DCP" Name="UART_Driver_placed.dcp"/>
  <File Type="PLACE-IO" Name="UART_Driver_io_placed.rpt"/>
  <File Type="PLACE-UTIL" Name="UART_Driver_utilization_placed.rpt"/>
  <File Type="PLACE-UTIL-PB" Name="UART_Driver_utilization_placed.pb"/>
  <File Type="PLACE-CTRL" Name="UART_Driver_control_sets_placed.rpt"/>
  <File Type="PLACE-PRE-SIMILARITY" Name="UART_Driver_incremental_reuse_pre_placed.rpt"/>
  <File Type="BG-BGN" Name="UART_Driver.bgn"/>
  <File Type="POSTPLACE-PWROPT-DCP" Name="UART_Driver_postplace_pwropt.dcp"/>
  <File Type="BG-BIN" Name="UART_Driver.bin"/>
  <File Type="PHYSOPT-DCP" Name="UART_Driver_physopt.dcp"/>
  <File Type="BITSTR-MSK" Name="UART_Driver.msk"/>
  <File Type="ROUTE-ERROR-DCP" Name="UART_Driver_routed_error.dcp"/>
  <File Type="ROUTE-DCP" Name="UART_Driver_routed.dcp"/>
  <File Type="ROUTE-BLACKBOX-DCP" Name="UART_Driver_routed_bb.dcp"/>
  <File Type="ROUTE-DRC" Name="UART_Driver_drc_routed.rpt"/>
  <File Type="ROUTE-DRC-PB" Name="UART_Driver_drc_routed.pb"/>
  <File Type="ROUTE-DRC-RPX" Name="UART_Driver_drc_routed.rpx"/>
  <File Type="BITSTR-LTX" Name="UART_Driver.ltx"/>
  <File Type="ROUTE-METHODOLOGY-DRC" Name="UART_Driver_methodology_drc_routed.rpt"/>
  <File Type="BITSTR-MMI" Name="UART_Driver.mmi"/>
  <File Type="ROUTE-METHODOLOGY-DRC-RPX" Name="UART_Driver_methodology_drc_routed.rpx"/>
  <File Type="ROUTE-METHODOLOGY-DRC-PB" Name="UART_Driver_methodology_drc_routed.pb"/>
  <File Type="BITSTR-SYSDEF" Name="UART_Driver.sysdef"/>
  <File Type="ROUTE-PWR-RPX" Name="UART_Driver_power_routed.rpx"/>
  <File Type="ROUTE-STATUS" Name="UART_Driver_route_status.rpt"/>
  <File Type="ROUTE-STATUS-PB" Name="UART_Driver_route_status.pb"/>
  <File Type="ROUTE-TIMINGSUMMARY" Name="UART_Driver_timing_summary_routed.rpt"/>
  <File Type="ROUTE-TIMING-PB" Name="UART_Driver_timing_summary_routed.pb"/>
  <File Type="ROUTE-TIMING-RPX" Name="UART_Driver_timing_summary_routed.rpx"/>
  <File Type="ROUTE-CLK" Name="UART_Driver_clock_utilization_routed.rpt"/>
  <File Type="ROUTE-BUS-SKEW" Name="UART_Driver_bus_skew_routed.rpt"/>
  <File Type="ROUTE-BUS-SKEW-PB" Name="UART_Driver_bus_skew_routed.pb"/>
  <File Type="ROUTE-BUS-SKEW-RPX" Name="UART_Driver_bus_skew_routed.rpx"/>
  <File Type="POSTROUTE-PHYSOPT-DCP" Name="UART_Driver_postroute_physopt.dcp"/>
  <File Type="POSTROUTE-PHYSOPT-BLACKBOX-DCP" Name="UART_Driver_postroute_physopt_bb.dcp"/>
  <File Type="BG-BIT" Name="UART_Driver.bit"/>
  <File Type="BITSTR-RBT" Name="UART_Driver.rbt"/>
  <File Type="BITSTR-NKY" Name="UART_Driver.nky"/>
  <File Type="BG-DRC" Name="UART_Driver.drc"/>
  <File Type="RDI-RDI" Name="UART_Driver.vdi"/>
  <File Type="WBT-USG" Name="usage_statistics_webtalk.html"/>
  <FileSet Name="sources" Type="DesignSrcs" RelSrcDir="$PSRCDIR/sources_1">
    <Filter Type="Srcs"/>
    <File Path="$PSRCDIR/sources_1/bd/XADC/XADC.bd">
      <FileInfo>
        <Attr Name="ImportPath" Val="$PPRDIR/../UART_Driver/UART_Driver.srcs/sources_1/bd/XADC/XADC.bd"/>
        <Attr Name="ImportTime" Val="1545790860"/>
        <Attr Name="UsedIn" Val="synthesis"/>
        <Attr Name="UsedIn" Val="implementation"/>
        <Attr Name="UsedIn" Val="simulation"/>
      </FileInfo>
    </File>
    <File Path="$PSRCDIR/sources_1/bd/Fifo_1/Fifo_1.bd">
      <FileInfo>
        <Attr Name="ImportPath" Val="$PPRDIR/../UART_Driver/UART_Driver.srcs/sources_1/bd/Fifo_1/Fifo_1.bd"/>
        <Attr Name="ImportTime" Val="1544650306"/>
        <Attr Name="UsedIn" Val="synthesis"/>
        <Attr Name="UsedIn" Val="implementation"/>
        <Attr Name="UsedIn" Val="simulation"/>
      </FileInfo>
    </File>
    <File Path="$PSRCDIR/sources_1/new/CLK_Devider.vhd">
      <FileInfo>
        <Attr Name="ImportPath" Val="$PPRDIR/../UART_Driver/UART_Driver.srcs/sources_1/new/CLK_Devider.vhd"/>
        <Attr Name="ImportTime" Val="1544541193"/>
        <Attr Name="UsedIn" Val="synthesis"/>
        <Attr Name="UsedIn" Val="simulation"/>
      </FileInfo>
    </File>
    <File Path="$PSRCDIR/sources_1/new/Compare.vhd">
      <FileInfo>
        <Attr Name="ImportPath" Val="$PPRDIR/../UART_Driver/UART_Driver.srcs/sources_1/new/Compare.vhd"/>
        <Attr Name="ImportTime" Val="1547314766"/>
        <Attr Name="UsedIn" Val="synthesis"/>
        <Attr Name="UsedIn" Val="simulation"/>
      </FileInfo>
    </File>
    <File Path="$PSRCDIR/sources_1/new/PWM.vhd">
      <FileInfo>
        <Attr Name="ImportPath" Val="$PPRDIR/../UART_Driver/UART_Driver.srcs/sources_1/new/PWM.vhd"/>
        <Attr Name="ImportTime" Val="1545267528"/>
        <Attr Name="UsedIn" Val="synthesis"/>
        <Attr Name="UsedIn" Val="simulation"/>
      </FileInfo>
    </File>
    <File Path="$PSRCDIR/sources_1/new/READING.vhd">
      <FileInfo>
        <Attr Name="ImportPath" Val="$PPRDIR/../UART_Driver/UART_Driver.srcs/sources_1/new/READING.vhd"/>
        <Attr Name="ImportTime" Val="1546878955"/>
        <Attr Name="UsedIn" Val="synthesis"/>
        <Attr Name="UsedIn" Val="simulation"/>
      </FileInfo>
    </File>
    <File Path="$PSRCDIR/sources_1/new/READY.vhd">
      <FileInfo>
        <Attr Name="ImportPath" Val="$PPRDIR/../UART_Driver/UART_Driver.srcs/sources_1/new/READY.vhd"/>
        <Attr Name="ImportTime" Val="1545245883"/>
        <Attr Name="UsedIn" Val="synthesis"/>
        <Attr Name="UsedIn" Val="simulation"/>
      </FileInfo>
    </File>
    <File Path="$PSRCDIR/sources_1/new/UART_Controller.vhd">
      <FileInfo>
        <Attr Name="ImportPath" Val="$PPRDIR/../UART_Driver/UART_Driver.srcs/sources_1/new/UART_Controller.vhd"/>
        <Attr Name="ImportTime" Val="1546018248"/>
        <Attr Name="UsedIn" Val="synthesis"/>
        <Attr Name="UsedIn" Val="simulation"/>
      </FileInfo>
    </File>
    <File Path="$PSRCDIR/sources_1/imports/new/UART_RX.vhd">
      <FileInfo>
        <Attr Name="ImportPath" Val="$PPRDIR/../project_2.srcs/sources_1/new/UART_RX.vhd"/>
        <Attr Name="ImportTime" Val="1541969449"/>
        <Attr Name="UsedIn" Val="synthesis"/>
        <Attr Name="UsedIn" Val="simulation"/>
      </FileInfo>
    </File>
    <File Path="$PSRCDIR/sources_1/imports/hdl/UART_TX_CTRL.vhd">
      <FileInfo>
        <Attr Name="ImportPath" Val="$PPRDIR/../project_2.srcs/sources_1/imports/hdl/UART_TX_CTRL.vhd"/>
        <Attr Name="ImportTime" Val="1541281579"/>
        <Attr Name="UsedIn" Val="synthesis"/>
        <Attr Name="UsedIn" Val="simulation"/>
      </FileInfo>
    </File>
    <File Path="$PSRCDIR/sources_1/new/UART_Driver.vhd">
      <FileInfo>
        <Attr Name="ImportPath" Val="$PPRDIR/../UART_Driver/UART_Driver.srcs/sources_1/new/UART_Driver.vhd"/>
        <Attr Name="ImportTime" Val="1547052188"/>
        <Attr Name="UsedIn" Val="synthesis"/>
        <Attr Name="UsedIn" Val="simulation"/>
      </FileInfo>
    </File>
    <Config>
      <Option Name="DesignMode" Val="RTL"/>
      <Option Name="TopModule" Val="UART_Driver"/>
      <Option Name="TopAutoSet" Val="TRUE"/>
    </Config>
  </FileSet>
  <FileSet Name="constrs_in" Type="Constrs" RelSrcDir="$PSRCDIR/constrs_1">
    <Filter Type="Constrs"/>
    <File Path="$PSRCDIR/constrs_1/imports/new/Constrants.xdc">
      <FileInfo>
        <Attr Name="ImportPath" Val="$PPRDIR/../project_2.srcs/constrs_1/imports/new/Constrants.xdc"/>
        <Attr Name="ImportTime" Val="1542304272"/>
        <Attr Name="UsedIn" Val="synthesis"/>
        <Attr Name="UsedIn" Val="implementation"/>
      </FileInfo>
    </File>
    <Config>
      <Option Name="TargetConstrsFile" Val="$PSRCDIR/constrs_1/imports/new/Constrants.xdc"/>
      <Option Name="ConstrsType" Val="XDC"/>
    </Config>
  </FileSet>
  <Strategy Version="1" Minor="2">
    <StratHandle Name="Vivado Implementation Defaults" Flow="Vivado Implementation 2018"/>
    <Step Id="init_design"/>
    <Step Id="opt_design"/>
    <Step Id="power_opt_design"/>
    <Step Id="place_design"/>
    <Step Id="post_place_power_opt_design"/>
    <Step Id="phys_opt_design"/>
    <Step Id="route_design"/>
    <Step Id="post_route_phys_opt_design"/>
    <Step Id="write_bitstream">
      <Option Id="BinFile">1</Option>
    </Step>
  </Strategy>
  <BlockFileSet Type="BlockSrcs" Name="Fifo_1_fifo_generator_0_0"/>
  <BlockFileSet Type="BlockSrcs" Name="XADC_xadc_wiz_0_0"/>
</GenRun>
