<?xml version="1.0" encoding="UTF-8"?>
<GenRun Id="Fifo_1_fifo_generator_0_0_synth_1" LaunchPart="xc7a35tcpg236-1" LaunchTime="1544650329">
  <File Type="PA-TCL" Name="Fifo_1_fifo_generator_0_0.tcl"/>
  <File Type="REPORTS-TCL" Name="Fifo_1_fifo_generator_0_0_reports.tcl"/>
  <File Type="RDS-RDS" Name="Fifo_1_fifo_generator_0_0.vds"/>
  <File Type="RDS-UTIL" Name="Fifo_1_fifo_generator_0_0_utilization_synth.rpt"/>
  <File Type="RDS-UTIL-PB" Name="Fifo_1_fifo_generator_0_0_utilization_synth.pb"/>
  <File Type="RDS-DCP" Name="Fifo_1_fifo_generator_0_0.dcp"/>
  <FileSet Name="sources" Type="BlockSrcs" RelSrcDir="$PSRCDIR/Fifo_1_fifo_generator_0_0">
    <File Path="$PSRCDIR/sources_1/bd/Fifo_1/ip/Fifo_1_fifo_generator_0_0/Fifo_1_fifo_generator_0_0.xci">
      <FileInfo>
        <Attr Name="ImportPath" Val="$PPRDIR/../UART_Driver/UART_Driver.srcs/sources_1/bd/Fifo_1/ip/Fifo_1_fifo_generator_0_0/Fifo_1_fifo_generator_0_0.xci"/>
        <Attr Name="ImportTime" Val="1544650288"/>
        <Attr Name="UsedIn" Val="synthesis"/>
        <Attr Name="UsedIn" Val="implementation"/>
        <Attr Name="UsedIn" Val="simulation"/>
      </FileInfo>
    </File>
    <Config>
      <Option Name="TopModule" Val="Fifo_1_fifo_generator_0_0"/>
      <Option Name="UseBlackboxStub" Val="1"/>
    </Config>
  </FileSet>
  <FileSet Name="constrs_in" Type="BlockSrcs" RelSrcDir="$PSRCDIR/Fifo_1_fifo_generator_0_0">
    <File Path="$PSRCDIR/sources_1/bd/Fifo_1/ip/Fifo_1_fifo_generator_0_0/Fifo_1_fifo_generator_0_0.xci">
      <FileInfo>
        <Attr Name="ImportPath" Val="$PPRDIR/../UART_Driver/UART_Driver.srcs/sources_1/bd/Fifo_1/ip/Fifo_1_fifo_generator_0_0/Fifo_1_fifo_generator_0_0.xci"/>
        <Attr Name="ImportTime" Val="1544650288"/>
        <Attr Name="UsedIn" Val="synthesis"/>
        <Attr Name="UsedIn" Val="implementation"/>
        <Attr Name="UsedIn" Val="simulation"/>
      </FileInfo>
    </File>
    <Config>
      <Option Name="TopModule" Val="Fifo_1_fifo_generator_0_0"/>
      <Option Name="UseBlackboxStub" Val="1"/>
    </Config>
  </FileSet>
  <Strategy Version="1" Minor="2">
    <StratHandle Name="Vivado Synthesis Defaults" Flow="Vivado Synthesis 2018"/>
    <Step Id="synth_design"/>
  </Strategy>
</GenRun>
